anio_mes,Gasto,Ingreso,utilidad
2025-01,3126.79,11053.61,7926.820000000001
2025-02,2823.94,13769.14,10945.199999999999
2025-03,3809.0,9552.75,5743.75
2025-04,3425.7999999999997,8852.91,5427.110000000001
2025-05,2833.45,9366.65,6533.2
2025-06,3257.11,18690.82,15433.71
2025-07,3482.13,5203.28,1721.1499999999996
2025-08,3931.77,12048.14,8116.369999999999
2025-09,3782.83,13504.91,9722.08
2025-10,3737.41,9960.91,6223.5
2025-11,3760.6,7147.0,3386.4
2025-12,2753.02,9277.86,6524.84
